id,text,sentiment
1557380768216879104,@F1 @McLarenF1 Albon to mcl,1
1557380111921397761,"@F1 @McLarenF1 Don't know if anyone noticed the ""photo choice"".   The photo/expression seems deliberate to push a subtle point....?",0
1557380069332586496,@F1 @McLarenF1 This is cyber bullying,0
1557379584705830913,@F1 @McLarenF1 Ricciardo being owned. No wonder McLaren wants Piastri,1
1557379351578087424,@F1 @McLarenF1 Jesus christ its worse than I thought ğŸ˜­ğŸ˜­,0
1557379107448442881,@F1 @McLarenF1 Stats don't lie,1
1557378596309766146,@F1 @McLarenF1 Turbo washed,1
1557378416881573888,@F1 @McLarenF1 End of the line for Danny ric Iâ€™m afraid. ğŸ«£,1
1557377016474714113,@F1 @McLarenF1 Lando's back must hurt to carried the whole team,1
1557375868426543105,@F1 @McLarenF1 @n3hshgha admin settai pandran,0
1557375547759542273,@F1 @McLarenF1 Ric has been on summer break all season. You know things are bad when the F1 account is piling on Ric,0
1557374976877019137,@F1 @McLarenF1 Lando owns Dany Ric,0
1557374306165948418,@F1 @McLarenF1 https://t.co/8Sl1uYYZM6,0
1557374236456534016,@F1 @LceBruce @McLarenF1 Fraudis owns MidcciardoğŸ˜¹ğŸ˜¹ğŸ˜¹ğŸ˜¹ğŸ˜¹ğŸ˜¹ğŸ˜¹ğŸ˜¹ğŸ˜¹ğŸ˜¹ğŸ˜¹ğŸ˜¹ğŸ˜¹ğŸ˜¹ğŸ˜¹ğŸ˜¹ğŸ˜¹ğŸ˜¹ğŸ˜¹ğŸ˜¹ğŸ˜¹ğŸ˜¹ğŸ˜¹ğŸ˜¹ğŸ˜¹ğŸ˜¹ğŸ˜¹ğŸ˜¹ğŸ˜¹ğŸ˜¹ğŸ˜¹ğŸ˜¹ğŸ˜¹ğŸ˜¹ğŸ˜¹ğŸ˜¹ğŸ˜¹ğŸ˜¹ğŸ˜¹ğŸ˜¹ğŸ˜¹ğŸ˜¹,1
1557373899439935489,@F1 @McLarenF1 Damn the difference is larger than my,0
1557373741272899587,@F1 @McLarenF1 WHOOOOO WHOOOOO ASKEDDDD YOUUUUU??????,0
1557373699422142466,"@F1 @McLarenF1 Give me a shot guys ğŸ˜€ (Pls donâ€™t take it seriously, i love Danny Ric ğŸ˜) https://t.co/OrzmyStLVL",2
1557373283175129088,@F1 @McLarenF1 Rick really fell off,1
1557372352584884224,@F1 @McLarenF1 How many wins does Norris have?,0
1557371389681827841,@F1 @McLarenF1 Ricciardo sucks,1
1557370794740748289,@F1 @McLarenF1 https://t.co/PHngVyEpIy,0
1557370506885595136,@F1 @McLarenF1 Oh nonono https://t.co/u8wzRoN3mu,0
1557370429064503297,@F1 @McLarenF1 I don't like being the bearer of bad news but Ricciardo's performance has not been anywhere near steâ€¦ https://t.co/CZDIx43VoK,0
1557370335183351809,@F1 @McLarenF1 That's the kind stuff you watch from a diiiiistance,0
1557369918244405249,@F1 @McLarenF1 It doesn't really help...,0
1557369681488613376,@F1 @McLarenF1 https://t.co/cMrejTrM0S,0
1557368933505810440,@F1 @McLarenF1 Norris 4x the points of Ricciardo ğŸ’€,1
1557368439366266881,@F1 @McLarenF1 Just setting the social media buzz for the next â€œgiant secretâ€ thatâ€™s coming in McLarenâ€¦,0
1557367769599025153,@F1 @McLarenF1 https://t.co/671pcrBGE1,0
1557366823405985794,"@F1 @McLarenF1 Piastri will beat Norris in 2023, its gonna be a bang.",2
1557366798865076225,@F1 @McLarenF1 No ways does Ricciardo want more millions than points he has this season ğŸ˜­ğŸ˜­,1
1557366599652237314,@F1 @McLarenF1 we need pia,1
1557366431678873602,@F1 @McLarenF1 Ricciardo is so washed,1
1557366102988148737,@F1 @McLarenF1 The admin woke up and chose violence,0
1557365815783161861,@F1 @McLarenF1 Ta frito,0
1557365661583695877,@F1 @McLarenF1 admin after posting this knowing damn well the comments about to be a shitstorm https://t.co/8M0pK1MAbr,0
1557365613596536835,@F1 @McLarenF1 Daniel cops all the heat for poor results but the other side of this graph doesnâ€™t read too well eitâ€¦ https://t.co/QL9ZQg4OO2,0
1557365548106891264,"@F1 @McLarenF1 I wish Lando could move with Daniel, they do the greatest team, McLaren owes them.",2
1557365532868968450,@F1 @McLarenF1 Could have used a pic of Danny smiling,2
1557365523914031110,@F1 @McLarenF1 How many times has Ricciardo found himself stuck behind Norris during the race? At least 8 times.,1
1557365435452084227,@F1 @gabiisamberg @McLarenF1 Yiiiiiikkeeeeeeesssss,0
1557365317604704256,@F1 @McLarenF1 No puede ser... Pero si @BloopGG me dijo que Piastri iba a ir de la mano de Llorando Norris esta temporada...,0
1557365051274809345,@F1 @McLarenF1 ooffff,0
1557365016294084609,@F1 @McLarenF1 https://t.co/1Bj4wsO5Bb,0
1557364734772617216,@F1 @McLarenF1 Lando owns Daniel. Plus Lando has not reach his prime yet. Daniel has been awful with Mclaren.,1
1557364653679853568,@F1 @McLarenF1 S A V A G E,0
1557364374720765952,@F1 @McLarenF1 What made you post this ğŸ˜­ğŸ˜­ğŸ˜­,0
1557364182462373889,@F1 @McLarenF1 Wins   Daniel 1  Monza 2021  Lando 0,2
1557363954057461760,@F1 @McLarenF1 Admin wants to play with fire,0
1557363907739750402,@F1 @McLarenF1 https://t.co/BaIYyjyPfG,0
1557363778966134785,"@F1 @McLarenF1 Ricciardo move to Alpine and win loads,  just to show McLaren that they messed up and should have kept him.",2
1557363757470208000,"@F1 @McLarenF1 Admin. Why. Why are you like this? No one likes this except McLaren, who paid you to post this. Shame on you. ğŸ˜’",2
1557363721676128262,@F1 @McLarenF1 lo del gracietas haciendo una temporada digna de nelson piquet jr que sentido tieneÂ¿?,0
1557363375843282945,"@F1 @McLarenF1 Look we all know Ricciardo is a great driver, people need to realise that Norris is just world classâ€¦ https://t.co/HsLdKxvATr",2
1557362864981164032,@F1 @McLarenF1 Delete this,0
1557362802712535043,@F1 @McLarenF1 Ouch,0
1557362693887205378,@F1 @McLarenF1 Cooked product on the right,0
1557362511434764289,@F1 @McLarenF1 Jeez rub it in why don't you ğŸ˜‚  Would you like some salt for that wound?! ğŸ˜„  â˜˜ï¸,0
1557362438328262656,@F1 @McLarenF1 Don't do this to him Lando. That's an absolute murder.,0
1557362229275774976,@F1 @McLarenF1 They're setting Daniel up ğŸ’€,2
1557362174007431170,@F1 @McLarenF1 https://t.co/8e2f4VMFl1,0
1557362100275744769,@F1 @McLarenF1 JOJOJOJOJO Daniel Ricciardo es un ex-piloto y de este barco no me bajan desde 2020.,0
1557361992507265027,@F1 @McLarenF1 https://t.co/QH1hpn4Weo,0
1557361935858814976,@F1 @McLarenF1 avocado robbing mclaren ğŸ˜­ğŸ˜­,1
1557361854866931712,"@F1 @McLarenF1 Genuinely excited about Norris/Piastri 2024. Sorry for RIC, but there are other jobs. Câ€™est la vie. âœŒï¸",1
1557361716899373061,@F1 @McLarenF1 Those stats clearly show the 2022 car is a lemon and uncompetitive. Lando has potential to be a worlâ€¦ https://t.co/P2dCBi733F,1
1557361374686216192,@F1 @McLarenF1 https://t.co/YfY1zDhpHb,0
1557360871017484288,@F1 @McLarenF1 Ricciardo keeps trying to adapt to the car (irony),1
1557360822740983809,@F1 @McLarenF1 ricciardo is finishedğŸ˜­ğŸ˜­ğŸ˜­ğŸ˜­ğŸ˜­,1
1557360673927077889,@F1 @McLarenF1 Daniel is so fucking finished man,1
1557360635075334144,@F1 @McLarenF1 https://t.co/yMPDog6L4k,1
1557360510823186433,@F1 @McLarenF1 Robbed McLaren of points and now trying to rob them of 21 million,0
1557360457647853569,@F1 @McLarenF1 Not a duo ğŸ˜‚,0
1557360403037954051,@F1 @McLarenF1 Can you call it a duo when someone scores almost four times more points???,1
1557360400433299458,@F1 @McLarenF1 Lando turned the honey badger into roadkill!!,1
1557360008601317381,@F1 @McLarenF1 All this knocking of DRic &amp; the man Mclaren have thrown all there eggs in the 1 basket for has had 1 podium for the yearğŸ¤£,1
1557359973373394944,@F1 @McLarenF1 https://t.co/Z7xmC6trzg,0
1557359915274043395,@F1 @McLarenF1 Ric is finished,0
1557359803114180613,@F1 @McLarenF1 why would post tweet thisâ€¦?,0
1557359795157585920,@F1 @McLarenF1 Tinha que demitir o Ricciardo agora,0
1557359682863480832,@F1 @McLarenF1 Lando Norris F1 race wins https://t.co/DpRyw2uNX0,0
1557359632242380800,@F1 @McLarenF1 Ricciardo should go be a family man this racing shit isnt for him anymore lol,1
1557359548679192577,@F1 @McLarenF1 off to extreme E for daniel washardo,1
1557359502168555525,@F1 @McLarenF1 Ricciardo ğŸ¥¶,0
1557359498552963074,@F1 @McLarenF1 Terrible. To Soon. Terrible.,1
1557359465552379904,@F1 @McLarenF1 Esto no se haceâ€¦,0
1557359289840193540,@F1 @McLarenF1 This graphic brought to you by a certain Zak Brown ğŸ˜„,1
1557359273717501957,@F1 @McLarenF1 https://t.co/Ad7G1vcs9t,0
1557359191609720833,@F1 @McLarenF1 19 points behind MAG lol!,1
1557359159498067970,@F1 @McLarenF1 At this point itâ€™s not a fluke anymore.,1
1557359140741304321,@F1 @McLarenF1 Not much difference between Max and Sergio ğŸ¤·ğŸ½â€â™€ï¸,0
1557359070528536576,"@F1 @McLarenF1 I like Danny ric, but people might be holding on to monza 2021 too longâ€¦",0
1557358980074283009,@F1 @McLarenF1 delete,0
1557358905847681024,@F1 @McLarenF1 This guy is the solution for McLaren https://t.co/FhZs3jEXL1,0
1557358852047138819,@F1 @McLarenF1 https://t.co/6NQJfA4gdD,0
1557358840684888065,@F1 @McLarenF1 https://t.co/y8pjoX1qox,0
1557358805784137729,"@F1 @McLarenF1 I hope they have to payout Danny , PLUS payout a shit ton in court. To get Oscar out of Apline.",0
1557358725744144384,"@F1 @McLarenF1 Ricciardo's race wins: 1 Lando's: 0  McLaren needs to build the project around Ric, IMO and bin Landâ€¦ https://t.co/NUfnZ7XbN0",2
1557358556415918081,"@F1 @McLarenF1 Step aside Alonso, this is the real El Plan https://t.co/X4EkAg18Yz",0
1557358521993383936,@F1 @McLarenF1 No comments............,0
1557358220464857089,@F1 @McLarenF1 Forgot one stat:   Ricciardo + $21 million,2
1557358132564738048,@F1 @McLarenF1 Equal in DNF's atleast!,2
1557358088406986753,"@F1 @McLarenF1 Why do daniel so dirty like this lol, Lando is a super talent",2
1557358043146252292,@F1 @McLarenF1 goodbye Daniell,0
1557357846878101506,@F1 @McLarenF1 https://t.co/GkhJJMSieS,0
1557357810752552960,@F1 @McLarenF1 Ric just not good enough I'm afraid.,1
1557357679076691974,@F1 @McLarenF1 Norris owns Riccardo,1
1557357557995421696,@F1 @McLarenF1 Ricciardo is better,2
1557357489485742082,"@F1 @McLarenF1 As an honest and unbiased Daniel Ricciardo fan, i must admit that my idol is finished and that he shâ€¦ https://t.co/DVA1fvPIOm",0
1557357326809677826,@F1 @McLarenF1 ğŸ’€ğŸ’€ğŸ’€ğŸ’€,0
1557357299496255489,"@F1 @McLarenF1 Mclaren pays Daniel 1,1 mil a pointğŸ˜€",1
1557357262250934273,@F1 @McLarenF1 Bruh wtf- Such horrible timing! ğŸ˜­ğŸ˜­,0
1557357237638762498,@F1 @McLarenF1 formula eğŸ”œ,0
1557357047548588032,@F1 @McLarenF1 https://t.co/uLThwV7Bx0,0
1557357045610864642,@F1 @McLarenF1 https://t.co/tMK2ZUAhQE,0
1557357026824552448,@F1 @McLarenF1 I wish Ric goes to @AlpineF1Team,0
1557356976237170688,@F1 @McLarenF1 Not Ricciardo out performing both McLarenâ€™s just two years ago at a â€œworseâ€ teamâ€¦how quickly we forgâ€¦ https://t.co/FoGfYtYJJb,0
1557356964153155585,@F1 @McLarenF1 unironically one of the worst drivers on the grid atm,1
1557356954238033920,"@F1 @McLarenF1 I get that Danny Ric doesn't have much to smile about right now but heck, he's got the biggest smileâ€¦ https://t.co/OVvKxayaxy",2
1557356868565073927,@F1 @McLarenF1 Absolute wrecking Daniel,1
1557356857227968516,@F1 @McLarenF1 https://t.co/aRi6NzefHC,0
1557356825472692231,@F1 @McLarenF1 Hahahahahahahha. Bye bye Ricciardo,1
1557356768300343296,@F1 @McLarenF1 Lmao the picture used for Danny RicğŸ˜­,0
1557356754740068352,@F1 @McLarenF1 Ricciardo is finished,1
1557356687350120449,@F1 @McLarenF1 ğŸ’€ğŸ’€ğŸ’€,0
1557356627140943879,@F1 @McLarenF1 xD,0
1557356615879118851,@F1 @McLarenF1 One person scoring 4 times less points than his teammate wants 21 million dollars for not driving for the team.,1
1557356615556276227,@F1 @McLarenF1 Lando is obliterating Daniel. ğŸ˜­,1
1557356592525352962,@F1 @McLarenF1 what made you think this was a good idea !!!!!!! https://t.co/gOgllHTfP7,0
1557356575148359686,@F1 @McLarenF1 All you need to see to get confused why people think mclaren are doing ricciardo dirty,0
1557356548271243266,@F1 @McLarenF1 Look how they murdered my boyğŸ˜­,0
1557356443099172868,@F1 @McLarenF1 esto ya es ensaÃ±amiento,0
1557356419912974336,@F1 @McLarenF1 https://t.co/GpLBrOAoqD,0
1557356230011752450,@F1 @McLarenF1 https://t.co/Je2ZE4FLOp,0
1557356205055639556,@F1 @McLarenF1 https://t.co/LYN7cBjVQL,0
1557356131051311108,@F1 @McLarenF1 lmaoâ€¦?,0
1557356076391096321,@F1 @McLarenF1 You start including the salaries...,0
1557355936397856768,@F1 @McLarenF1 Please delete this,0
1557355923332485120,@F1 @McLarenF1 https://t.co/3xRolLNDSr,0
1557355885357318146,@F1 @McLarenF1 READ THE ROOMğŸ˜‚,0
1557355870660739073,@F1 @McLarenF1 https://t.co/so8Ye64dHu,0
1557355842902433793,@F1 @McLarenF1 Piastri x Lando would be a great duo.,1
1557355757816975364,@F1 @McLarenF1 Loool how much did you pay them to tweet this @McLarenF1? ğŸ˜­,0
1557355757473087495,@F1 @McLarenF1 Let's see how his fans justify this one...,1
1557355621124411393,@F1 @McLarenF1 https://t.co/BI8tCc1wWH,0
1557355531936956416,@F1 @McLarenF1 Lol we all know why you posted this ğŸ˜­,0
1557355500920086532,@F1 @McLarenF1 Might wanna delete this,0
1557355450135240705,@F1 @McLarenF1 f1 chose violence today,0
1557355404748808194,@F1 @McLarenF1 Q paliza,0
1557355392044261381,@F1 @McLarenF1 https://t.co/fZrvcSN5lH,0
1557355381000749061,@F1 @McLarenF1 This is embarrassing,1
1557355371429257218,@F1 @McLarenF1 Ayayay Riccardo ğŸ˜°,0
1557355253242249218,@F1 @McLarenF1 delete...,0
1557355227723886598,@F1 @McLarenF1 Brutal,0
1557355168903069697,@F1 @McLarenF1 Announce Ricciardo to Formula E.,0
1557355168240668674,@F1 @McLarenF1 https://t.co/zAyGwOOglB,0
1557355166399078400,@F1 @McLarenF1 they're so evenly matched it hurts,0
1557355147453423616,@F1 @McLarenF1 https://t.co/aqZAmy4uvO,0
1557355103455150080,@F1 @McLarenF1 DR fans https://t.co/tIqHcq3k9b,0
1557355061579325442,@F1 @McLarenF1 Most overrated driver ever send Midcardo to formula-e,0
1557355050141351940,@F1 @McLarenF1 https://t.co/B98aEP6PBD,0
1557354957791285249,@F1 @McLarenF1 ğŸ¤¦â€â™‚ï¸ https://t.co/qKjZlM5loG,0
1557354917546921986,"@F1 @McLarenF1 excuse me, not to be disrespectful or rude but could you please delete this. this is my sister who wâ€¦ https://t.co/pKIoSksvPp",0
1557354885892526082,@F1 @McLarenF1 Giving me these vibes https://t.co/3Mzk153HiE,0
1557354866439294977,@F1 @McLarenF1 finished team icl,0
1557354855622139905,@F1 @McLarenF1 https://t.co/p0QI447D10,0
1557354843983024130,@F1 @McLarenF1 They didnâ€™t need to post this smh,0
1557354841457950724,@F1 @McLarenF1 https://t.co/ZqJ6VVz55b,0
1557354812127252481,@F1 @McLarenF1 Finished badgerğŸ’€,0
1557354768787542016,@F1 @McLarenF1 Ricciardo https://t.co/9KRmuYKThW,0
1557354748243845122,@F1 @McLarenF1 Ricciardo getting Vandoorned,0
1557354688126734336,@F1 @McLarenF1 We didn't need this guys ğŸ˜­,0
1557354572791832576,@F1 @McLarenF1 Ricciardo owns Lando,2
1557354510745423872,@F1 @McLarenF1 Points. Norris: 76 Ricciardo: â‚¬21M,2
1557354457708613632,@F1 @McLarenF1 admin why,0
1557354418231582721,@F1 @McLarenF1 Daniel clear of Lando Nowwins,0
1557354412267524097,@F1 @McLarenF1 Ricciardo https://t.co/6AR3s9zOH0,0
1557354408488452096,@F1 @McLarenF1 https://t.co/fSdSrdRA8G,0
1557354361461903365,@F1 @McLarenF1 Announce Picciardo in FE,0
1557354258680496129,@F1 @McLarenF1 Ricciardo Stans wonâ€™t like this one,1
1557354213767880710,@F1 @McLarenF1 No surprise here,1
1557354213512024064,"@F1 @McLarenF1 â€œJust The Fax Maâ€™am, Just The Faxâ€ -  John McClane",0
1557354164270862338,@F1 @McLarenF1 Making him look like a young driver lol,1
1557354152124157953,"@F1 @McLarenF1 ""why are Mclaren pushing to get him out""",0
1557354080875470850,@F1 @McLarenF1 https://t.co/C9l5E70vtJ,0
1557354014857109505,@F1 @McLarenF1 Announce Ricciardo retirement,0
1557353919335972865,@F1 @McLarenF1 21million for 19 points ğŸ˜‚ğŸ˜‚ğŸ˜‚,1
1557353917545349120,@F1 @McLarenF1 look how they massacred my boy,0
1557353896204312576,@F1 @McLarenF1 Delete,0
1557353885211181057,@F1 @McLarenF1 Feel sorry for the admin of this page brace yourselves !,0
1557353842852904961,@F1 @McLarenF1 Announce Piastri,0
1557353808593883137,@F1 @McLarenF1 Money Badger,0
1557353804156256256,@F1 @McLarenF1 one fourth ğŸ˜­,0
1557353803481071624,@F1 @McLarenF1 what were you trying to prove with this tweet lolğŸ˜­,0
1557353801564454912,"@F1 @McLarenF1 ""but he won in monza, so take that mclaren fans!"" ğŸ¤¡ğŸ¤¡",1
1557353790063378432,@F1 @McLarenF1 ces fazem de propÃ³sito kkkkk,0
1557353780483694593,@F1 @McLarenF1 Midciardo news?,1
1557353778910724096,@F1 @McLarenF1 Ricciardo wants 21 million to leave and yet he canâ€™t even score 21 points ğŸ˜­,1
1557353735306838018,"@F1 @McLarenF1 Bit embarrassing isnâ€™t it, dildo man",1
1557353729698910210,@F1 @McLarenF1 Lando &amp; Dany Ric https://t.co/BapFDUACRl,0
1557353725760380929,@F1 @McLarenF1 delete i beg https://t.co/ARqsMpJw6v,0
1557353723302658055,@F1 @McLarenF1 How many teamorders moved him from higher positions?,2
1557353716960923650,@F1 @McLarenF1 https://t.co/EiVmuYqinr,0
1557353709079875587,"@F1 @McLarenF1 give us a break, I beg youâ€¦",0
1557353678801092608,@F1 @McLarenF1 Instigators.,0
1557353642025533440,@F1 @McLarenF1 Same vibes https://t.co/Z0Ef4llbH7,0
1557353610018783236,@F1 @McLarenF1 https://t.co/cmhmDfeZU8,0
1557353581757562882,@F1 @McLarenF1 Ricciardo comeback 2023,0
1557353567895388160,@F1 @McLarenF1 Ricciardo seeing this https://t.co/baDb0lxauC,0
1557353566775435267,@F1 @McLarenF1 &gt; Lando Nowins https://t.co/JdUQWk8lez,0
1557353534475337730,@F1 @McLarenF1 Lando supremacy!!,1
1557353510412644354,@F1 @McLarenF1 delete this,0
1557353503756009473,@F1 @McLarenF1 Exactly!!! And how much is Lando getting???,0
1557353488513998854,@F1 @McLarenF1 This is not necessary,0
1557353443362316288,@F1 @McLarenF1 WE ARE TRYING TO CAMPAIGN FOR DANNY RIC. NOT AGAINST,0
1557353407584710667,@F1 @McLarenF1 delete it,0
1557353362403770369,@F1 @McLarenF1 This explains a lot,0
1557353360424312832,@F1 @McLarenF1 Mclaren better off with just one car tbh,1
1557353354786906112,@F1 @McLarenF1 *Ghosting *Fugazi win at Monza â€œI never leftâ€ *Leaves again,1
1557353348331978758,@F1 @McLarenF1 i KNOW the admin was giggling as they typed that. they knew what they were doing,0
1557353338366205952,@F1 @McLarenF1 KMAG with 8th fastest car is outscoring Ricciardo with 4th fastestğŸ˜­,0
1557353316119625730,@F1 @McLarenF1 Lando destroyed that kangaroo ğŸ’€,1
1557353309878587392,@F1 @McLarenF1 No way ğŸ˜­ğŸ˜­ğŸ˜­,0
1557353309710782464,@F1 @McLarenF1 duo?,0
1557353307580014593,@F1 @McLarenF1 See Riccardo ain't that bad,1
1557353294644772865,@F1 @McLarenF1 Echen al australiano,0
1557353283941007362,@F1 @McLarenF1 Ok cool but can you announce Rosberg and Vettel to Mercedes?,0
1557353280916914178,@F1 @McLarenF1 They're so evenly matched!,0
1557353258674438144,@F1 @McLarenF1 But Danny Ric has won theyâ€™re only race in a decadeâ€¦,0
1557353246540402692,@F1 @McLarenF1 if mclaren ever want to be serious again they need to sign vettel  https://t.co/BDNmLDNNHt,0
1557353234246909955,@F1 @McLarenF1 Lando is finished,0
1557353231742902275,@F1 @McLarenF1 Iâ€˜ll pay u to delete it ok ???ğŸ˜€ğŸ˜ƒ,0
1557353202621841409,@F1 @McLarenF1 disrespectful,0
1557353180647899138,@F1 @McLarenF1 Piastri is coming,0
1557353143079473156,@F1 @McLarenF1 This tweet is not gonna age well ğŸ˜­ğŸ« ,0
1557353133210095616,@F1 @McLarenF1 Ricciardo getting renewed be funny,0
1557353127111962625,@F1 @McLarenF1 Daniel walking with the bag,0
1557353126000267270,@F1 @McLarenF1 https://t.co/V9F7GRL90D,0
1557353097881690114,@F1 @McLarenF1 Close,0
1557353091128778753,@F1 @McLarenF1 sack pissciardo,0
1557353072048984065,@F1 @McLarenF1 You.usun to,0
1557353051765280768,@F1 @McLarenF1 This is depressing seeing the difference,1
1557353029392900096,@F1 @McLarenF1 Lewis Hamilcar playlist:  1. I need you team order  2. Give me superior car or I retire  3. Best Carâ€¦ https://t.co/aR6JZBwXGp,0
1557353029002723328,@F1 @McLarenF1 DELETE https://t.co/NPpRjbqxjQ,0
1557353021432029185,"@F1 @McLarenF1 My son was watching Mickey Mouse Clubhouse when I suddenly noticed a man wearing Mercedes clothes. ""â€¦ https://t.co/jRq7c8cRH0",0
1557353018139492352,@F1 @McLarenF1 xD,0
1557353009813696512,@F1 @McLarenF1 Admin please acknowledge the elephant in the room,0
1557353006642761728,@F1 @McLarenF1 We know you guys are dropping Riccardo,0
1557353003568582659,@F1 @McLarenF1 Ok now announces Ricciardo at Alpine,0
1557353000305414148,@F1 @McLarenF1 https://t.co/2kWIpeKBHJ,0
1557353000259264513,@F1 @McLarenF1 And Fraudcciardo wants 21 millions to leave McLaren.,1
1557352988020203520,@F1 @McLarenF1 Ricciardo stans are gonna hate this,0
1557352987672166401,@F1 @McLarenF1 Daniel ricciardo is finished,1
1557352986728435715,@F1 @McLarenF1 gonna age like fine semi skinned milk,0
1557352983637229570,@F1 @McLarenF1 McLaren deserves better,1
1557352977886810113,"@F1 @McLarenF1 absolutely embarrassing from ricciardo, im glad McLaren dropped him",1
1557352960098811905,@F1 @McLarenF1 Ricciardo is gonna win one race this year and he will be fine.,0
1557352930046406656,@F1 @McLarenF1 damn the gap is longer than my,2
1557352923759202305,@F1 @McLarenF1 Lmao,0
1557352921918050304,@F1 @McLarenF1 https://t.co/hEJnfgqSRu,0
1557352920869388293,@F1 @McLarenF1 thats 21 million right there guys,0
1557352918713569281,@F1 @McLarenF1 This was not necessary plsssss,0
1557352916377341953,@F1 @McLarenF1 Better PR than on track performance,0
1557352901923700738,@F1 @McLarenF1 Midcarddo is finished ğŸ˜­ğŸ˜­ğŸ˜­ğŸ˜­,1
1557352892474052615,@F1 @McLarenF1 Delete this,0
1557352876975996928,@F1 @McLarenF1 lol,0
1557386989892210690,@F1 @McLarenF1 https://t.co/QV7wQq7qfJ,0
1557386890814291968,@F1 @McLarenF1 Tf they put duoğŸ’€ğŸ’€ğŸ’€,0
1557385492911587328,@F1 @McLarenF1 Si hablo me llevan preso,0
1557383634113495045,@F1 @McLarenF1 oh godğŸ’€,0
1557382690386706432,"@F1 @McLarenF1 Ricardo fans have no shame, imagine begging for McLaren to not replace him after this shitshow of a season he's had.",1
1557382325247381505,@F1 @McLarenF1 HAHA. This is so sad,1
1557391385719963648,@F1 @McLarenF1 at least heâ€™s still moneybadging ğŸ«¶,0
1557390938401640449,@F1 @McLarenF1 Why is Redbull Racing allowed to have a gap in their rear wing? Surely this is cheating right in froâ€¦ https://t.co/ToEvJWgHzE,0
1557390774114852864,"@F1 @McLarenF1 I like Danny too, but as on a team perspective, i get that they want to get Oscar in that seat. It wâ€¦ https://t.co/Oscm1z468C",0
1557390629977526272,@F1 @McLarenF1 https://t.co/5XRshkASQ2,0
1557389519602827265,@F1 @McLarenF1 F1 im trying to defend my man why are u making it hard for me just keep quite no,0
1557388517466001410,@F1 @McLarenF1 https://t.co/22Hns6xtcL,0
1557387897501777920,"@F1 @McLarenF1 Rest, you hear me, REST",0
1557387588197093380,@F1 @McLarenF1 https://t.co/jYpQzDmoPk,0
1557387361440481280,@F1 @McLarenF1 Oh he surely deserves $21 million to stop hurting MCLAREN F1 this season,0
1557395088485015559,@F1 @McLarenF1 https://t.co/rIgPMIrSJf,0
1557393925882712065,@F1 @McLarenF1 D Ric is coming back in the second half,0
1557393778998231042,@F1 @McLarenF1 Arrest Ricciardo immediately!,0
1557392669692813313,@F1 @McLarenF1 8-0 lo demas gilada,0
1557392445138092033,@F1 @McLarenF1 yah ricardo lagi :(,0
1557402317200179201,@F1 @McLarenF1 https://t.co/jFZRSYTOQL,0
1557402086190587904,@F1 @McLarenF1 @Sam11hughes,0
1557401816232386561,@F1 @McLarenF1 Fuck Piastri.,2
1557401476514938882,@F1 @McLarenF1 And what was the reason https://t.co/K75ULDJo41,0
1557401023358042125,@F1 @McLarenF1 I canâ€™t understand the first two statistics. Why did it count just 13 races &amp; 13 qualifies ? The races must be 23 racesâ€¦,0
1557400766519934978,@F1 @McLarenF1 â€œMcLaReN dOiNg DaNieL dIrTy!â€,1
1557399574121259008,@F1 @McLarenF1 F1 admin throwing further fuel on the fire that is the silly season rumour mill. https://t.co/nQO3WkSEhi,0
1557399039548727302,@F1 @McLarenF1 Norris destroyed MidcciardoğŸ’€,1
1557398853812469760,@F1 @McLarenF1 F1 admin woke up this morning and chose violence.,0
1557397936983707651,@F1 @McLarenF1 I don't understand ğŸ˜¥ Het was such a talented driver at Red Bull and Renault. But he just can't seemâ€¦ https://t.co/oA4umJEj38,0
1557407360901079049,@F1 @McLarenF1 No es tanta la diferencia igual,0
1557406979710222336,@F1 @McLarenF1 this tweet is like adding oil to the fire lol,0
1557406600083783682,@F1 @McLarenF1 bro's getting cooked beyond belief,0
1557403834103861249,@F1 @McLarenF1 https://t.co/R6i5LAnapQ,0
1557403204555485185,@F1 @McLarenF1 bro ğŸ’€,0
1557403071940026369,@F1 @McLarenF1 Take away the name Riccardoâ€¦ if those were a rookies numbersâ€¦ he would have been replaced by end of season.,1
1557403070044295168,@F1 @McLarenF1 Admin please not the time ğŸ˜,0
1557403008245403651,@F1 @McLarenF1 Q clase de broma es esta ?,0
1557402586369900544,@F1 @McLarenF1 The timing of this postğŸ˜‚ğŸ˜‚ğŸ˜‚,0
1557402481096900611,@F1 @McLarenF1 Bro if DR wants 21M Norris is getting 50M,1
1557410077346127872,@F1 @McLarenF1 All Ricardo fans have was his Monza 2021 win ğŸ˜‚ğŸ˜‚,1
1557409262061723650,@F1 @McLarenF1 DR Cult is crying rn,1
1557407914805153792,@F1 @McLarenF1 Estas cosas las subÃ­s inocentemente o para echaros unas risas? Vaya guasa tiene el cm de la cuenta,0
1557415033759535104,@F1 @McLarenF1 sacanagem esse post ein,0
1557414639532740608,@F1 @McLarenF1 tÃ¡ podendo massacre essa hora?,0
1557414235961020416,"@F1 @McLarenF1 ""Daniel, Ferlando is faster than you...""",0
1557412599402315787,@F1 @McLarenF1 That Daniel Ricardo reminds me of a lover I had when I stayed in Europe for the summer in the 60's.â€¦ https://t.co/0a2YgUv4m2,0
1557422288278011904,@F1 @McLarenF1 Duo.... hmm,0
1557421176187764738,@F1 @McLarenF1 Lando the legend,0
1557420266510229509,"@F1 @McLarenF1 This post is in response to all the ric fans going ""HE DESERVES BETTER!!""",1
1557419047658086403,@F1 @McLarenF1 Skull,0
1557430927873265664,"@F1 @McLarenF1 Wdym?! Riccâ€™s had a a podium, a whole win for McLaren!?",1
1557437520002093056,@F1 @McLarenF1 You a @LandoNorris fan @berkebakay ?? He is my favourite!,0
1557437188542971908,@F1 @McLarenF1 ouf...,0
1557435730099675141,@F1 @McLarenF1 https://t.co/LZhqwPkUog,0
1557434741263065088,@F1 @McLarenF1 o'ward owns both,0
1557434063568478215,@F1 @McLarenF1 7:1 @LandoNorris ğŸ†,0
1557440039960940550,@F1 @McLarenF1 https://t.co/oBRADNcjz8,0
1557439890681479168,@F1 @McLarenF1 https://t.co/DZoy7FXRHF,0
1557439013065203714,@F1 @McLarenF1 That's just embarrassing honestly,1
1557457442019188736,@F1 @McLarenF1 Ricciardo washed,1
1557462816872964096,@F1 Should Ricciardo be sacked ?,0
1557470692383137793,@F1 @McLarenF1 Instigating for no reason,0
1557470422450438148,@F1 @McLarenF1 19 points like uquba igo-carts zaseboardwalk,0
1557470054236700683,"@F1 @McLarenF1 Bro, that's... That's even worse to look at. The fact McLaren have to pay 21mil to someone who faileâ€¦ https://t.co/Y2mVI6Rig7",1
1557469831611535365,@F1 @McLarenF1 As a hardcore McLaren fan here it's quite simple. Ricciardo isn't fast enough as hasn't been since joining. Next,1
1557474919247540225,@F1 @McLarenF1 @LandoNorris is the most overrated driver in F1 and @McLarenF1 is the most overrated team producingâ€¦ https://t.co/21Lo5eNkWz,2
1557482594580709376,@F1 @McLarenF1 Whaaaaaaaat? ğŸ¤¯but ricc fans say that Ricc is permorming better than Checo and deserves his seat  xdddd,0
1557482059790450690,@F1 @McLarenF1 DR certainly in a tough spot on the stats sheet.,0
1557480291626897411,@F1 @McLarenF1 @_gustavof1 ele Ã© tÃ£o injustiÃ§ado ğŸ¥ºğŸ¥ºâœ¨,0
1557492995750088704,@F1 @McLarenF1 ğŸ˜‚ğŸ˜‚ lol,0
1557491524103028742,@F1 @McLarenF1 Ce graph est terrible,0
1557503033780715520,@F1 @McLarenF1 Itâ€™s unclear to me why Ricciardo would want to stay with McLaren at this point. Heâ€™s an excellent drâ€¦ https://t.co/8q4dUU5uOO,0
1557502994455101440,@F1 @McLarenF1 You guys are just rubbing it in now.,0
1557502655387369473,@F1 @McLarenF1 Mamma mia che schiaffi si sta prendendo Ricciardo,0
1557499735602352128,"@F1 @McLarenF1 Who is Ricciardo, and why he isnâ€™t cleaning my toilet?",1
1557505642025439232,@F1 @McLarenF1 No Hate Just Facts ğŸ¤·â€â™‚ï¸ https://t.co/NjLldplLCU,0
1557505132224561152,@F1 @McLarenF1 and yet DR's fans still thinking that Dan&gt;Nor,1
1557513620229017600,@F1 @McLarenF1 we didnâ€™t need any more reminders ğŸ˜­,0
1557530352264290304,@F1 @McLarenF1 Give Ricciardo a more efficient car that fits his drive style ğŸ˜¤,2
